Security Code,Security Name,Security Group,Open,High,Low,LTP,No. of Shares Traded,Total Turnover (my image Lac),No. of Trades
532454,BHARTIARTL,A,2038.70,2093.85,2032.00,2080.65,1398845,29109.00,11143
532822,IDEA,A,9.63,10.57,9.27,10.07,221745433,22256.00,127453
533148,JSWENERGY,A,528.60,536.05,527.65,530.15,3885733,20665.00,3457
500247,KOTAKBANK,A,2173.75,2185.00,2125.00,2151.30,593346,12840.00,7694
532174,ICICIBANK,A,1380.00,1387.45,1373.65,1377.70,625452,8639.00,21434
500440,HINDALCO,A,832.00,845.00,827.45,841.05,906212,7568.00,7544
543308,KIMS,A,719.00,725.60,715.10,717.15,1010320,7234.00,610
500110,CHENNPETRO,A,781.85,829.85,746.00,774.80,902706,7138.00,25186
500295,VEDL,A,500.05,505.60,497.20,505.15,1125487,5648.00,21031
532541,COFORGE,A,1843.80,1866.00,1821.00,1831.60,291875,5368.00,15944
500325,RELIANCE,A,1461.25,1484.90,1458.70,1483.55,339534,5022.00,14475
532538,ULTRACEMCO,A,11939.95,12047.60,11925.00,12030.00,40116,4808.00,2208
544277,WAAREEENER,B,3554.90,3643.25,3536.70,3597.20,127111,4580.00,9325
534816,INDUSTOWER,A,364.55,381.40,359.90,374.65,1146263,4282.00,12736
500271,MFSL,A,1506.20,1539.40,1504.00,1512.40,281348,4245.00,5126
501301,TATAINVEST,A,843.50,849.65,817.35,833.95,503109,4168.00,11735
533096,ADANIPOWER,A,168.40,169.85,163.05,163.35,2431495,4043.00,21995
500034,BAJFINANCE,A,1091.00,1091.00,1076.00,1085.00,364554,3939.00,3594
500209,INFY,A,1512.30,1515.00,1498.00,1505.00,255104,3846.00,11227
500570,TMPV,A,403.60,411.35,403.60,408.15,895667,3663.00,18873
532483,CANBK,A,125.80,129.00,125.75,128.50,2835398,3629.00,11128
500470,TATASTEEL,A,175.40,177.85,175.40,176.80,1976241,3492.00,16240
517271,HBLENGINE,A,931.80,994.95,931.80,989.70,352403,3447.00,12751
543320,ETERNAL,A,325.90,334.80,324.60,334.15,1026705,3387.00,13663
540065,RBLBANK,A,316.30,325.90,316.30,322.15,973755,3153.00,12294
500875,ITC,A,417.00,422.50,416.60,420.50,739723,3111.00,15274
524715,SUNPHARMA,A,1699.60,1707.00,1690.00,1694.95,181147,3070.00,7275
534091,MCX,A,9017.00,9320.00,8981.00,9300.00,32465,2986.00,9164
500096,DABUR,A,507.65,510.10,505.00,505.20,539693,2746.00,8062
500049,BEL,A,424.65,424.80,414.60,415.90,645357,2694.00,15118
532134,BANKBARODA,A,266.10,272.20,266.10,271.55,985865,2662.00,8870
500547,BPCL,A,332.25,342.60,332.25,341.10,785700,2658.00,7421
500103,BHEL,A,231.45,236.85,231.45,235.05,1122535,2633.00,9379
500180,HDFCBANK,A,994.75,1009.65,994.75,1002.85,254100,2552.00,11082
500112,SBIN,A,905.50,919.40,905.50,918.00,273036,2501.00,10270
535789,SAMMAANCAP,A,190.00,191.25,185.60,188.85,1329233,2497.00,13969
500696,HINDUNILVR,A,2517.40,2524.10,2506.00,2509.50,96314,2420.00,6966
533339,ZENTEC,A,1329.05,1350.00,1305.60,1331.00,178628,2372.00,12936
540719,SBILIFE,A,1872.05,1923.00,1872.05,1902.95,124534,2367.00,10317
532927,ECLERX,A,4550.00,4801.00,4510.00,4770.00,49997,2342.00,8089
532809,FSL,A,327.10,356.00,325.95,353.45,666417,2328.00,11453
511218,SHRIRAMFIN,A,720.55,730.00,718.50,721.20,315786,2287.00,7160
540767,NAM-INDIA,A,923.50,942.00,917.75,919.95,240219,2242.00,2814
543940,JIOFIN,A,306.30,308.00,305.15,305.90,729202,2234.00,10750
500469,FEDERALBNK,A,230.00,235.20,228.00,233.90,956066,2229.00,9623
500800,TATACONSUM,A,1154.65,1179.30,1154.65,1170.40,183953,2156.00,4219
532977,BAJAJ-AUTO,A,9100.00,9121.95,9055.45,9095.00,21725,1975.00,2849
513599,HINDCOPPER,A,346.50,352.90,345.35,348.00,561967,1963.00,9645
532149,BANKINDIA,A,134.25,139.95,133.80,138.70,1387406,1910.00,10145
532667,SUZLON,A,54.03,54.15,53.60,53.74,3527433,1900.00,30677
542011,GRSE,A,2611.60,2612.40,2557.55,2568.00,73235,1886.00,6737
506395,COROMANDEL,A,2171.80,2246.60,2158.95,2243.75,81287,1806.00,3335
544238,PREMIERENE,A,1073.45,1119.70,1069.15,1100.35,163819,1799.00,6057
543396,PAYTM,A,1286.55,1308.55,1280.50,1305.60,130408,1686.00,4762
524000,POONAWALLA,A,485.40,512.00,481.80,491.55,335705,1686.00,13069
500575,VOLTAS,A,1430.65,1440.00,1420.50,1435.15,114459,1639.00,7828
532648,YESBANK,A,22.69,22.94,22.67,22.79,7129822,1626.00,60235
515055,ANANTRAJ,A,618.00,634.80,616.00,634.20,256799,1605.00,6466
500400,TATAPOWER,A,395.25,401.50,395.25,400.10,400666,1602.00,8712
543232,CAMS,A,3881.10,3977.35,3881.10,3971.20,40240,1587.00,4892
500510,LT,A,3907.05,3947.25,3907.05,3929.45,40231,1581.00,5307
540222,LAURUSLABS,A,931.50,955.85,927.30,939.20,165902,1570.00,6383
532400,BSOFT,A,383.05,395.50,378.05,391.30,386453,1503.00,7001
500124,DRREDDY,A,1284.00,1293.65,1265.00,1283.75,116915,1501.00,9064
532555,NTPC,A,340.40,342.80,340.40,340.80,434731,1488.00,4881
543981,RRKABEL,A,1252.00,1345.00,1252.00,1325.00,112302,1486.00,5785
544225,OLAELEC,T,51.50,52.39,50.26,51.90,2725514,1391.00,13698
544285,SWIGGY,B,425.15,427.35,420.45,424.30,326144,1381.00,6028
500477,ASHOKLEY,A,136.35,141.15,136.35,140.95,939284,1313.00,9438
540180,VBL,A,462.00,468.10,457.05,459.55,283124,1307.00,3672
543237,MAZDOCK,A,2805.40,2832.90,2800.65,2815.90,45730,1287.00,2837
533278,COALINDIA,A,395.95,398.20,394.10,397.25,324104,1285.00,7301
540530,HUDCO,A,228.25,229.45,226.50,227.35,559568,1272.00,4569
532540,TCS,A,3063.20,3093.75,3060.90,3084.55,41082,1266.00,5057
511243,CHOLAFIN,A,1752.55,1780.90,1721.65,1740.80,71052,1246.00,8078
541770,CREDITACC,A,1422.50,1489.10,1414.80,1467.45,84645,1241.00,5725
532155,GAIL,A,180.65,181.60,179.55,180.00,685932,1240.00,5800
500182,HEROMOTOCO,A,5556.00,5663.90,5556.00,5650.00,21921,1235.00,4863
542216,DALBHARAT,A,2099.20,2105.85,2087.00,2100.90,59093,1235.00,1718
540699,DIXON,A,15479.95,15604.40,15367.50,15518.65,7804,1209.00,2475
544282,SAGILITY,B,47.63,48.49,47.13,48.26,2529116,1209.00,7113
543720,KFINTECH,A,1155.05,1178.80,1154.70,1175.00,101660,1189.00,5365
532497,RADICO,A,3225.45,3230.20,3189.75,3216.70,36756,1183.00,1257
500408,TATAELXSI,A,5544.50,5624.10,5516.90,5606.45,20826,1164.00,2796
500830,COLPAL,A,2255.50,2255.50,2209.30,2217.55,50652,1128.00,4448
532144,WELCORP,A,838.65,880.00,838.65,872.55,128984,1122.00,4145
500238,WHIRLPOOL,A,1372.60,1394.40,1362.15,1390.25,77416,1071.00,786
532947,IRB,A,43.45,45.50,43.45,44.83,2358386,1059.00,8718
532955,RECLTD,A,373.45,373.45,368.50,371.75,283062,1047.00,6240
520111,RATNAMANI,A,2444.05,2749.95,2431.15,2636.30,39517,1044.00,5424
532215,AXISBANK,A,1242.50,1258.00,1242.50,1253.65,82748,1034.00,5488
500163,GODFRYPHLP,A,3130.95,3171.00,3118.60,3159.00,32378,1018.00,3625
541154,HAL,A,4814.40,4833.10,4758.70,4763.00,21262,1018.00,2917
500104,HINDPETRO,A,439.25,454.25,438.45,451.40,218876,984.00,4581
541450,ADANIGREEN,A,1029.05,1029.05,1015.70,1016.90,96133,981.00,3741
542649,RVNL,A,329.30,332.55,328.70,330.60,296553,979.00,5656
542652,POLYCAB,A,7500.65,7699.00,7500.00,7670.10,12796,978.00,3509
500820,ASIANPAINT,A,2491.70,2529.50,2491.70,2520.00,38700,974.00,6308
500480,CUMMINSIND,A,4243.90,4312.00,4198.05,4302.95,22724,966.00,4895
500109,MRPL,A,145.45,152.90,144.30,150.10,596839,895.00,5612
544274,HYUNDAI,A,2295.50,2295.50,2248.00,2271.00,38822,880.00,3279
532187,INDUSINDBK,A,755.45,771.00,752.85,771.00,115134,878.00,4497
500084,CESC,A,179.30,183.25,177.15,181.85,480329,866.00,5771
532921,ADANIPORTS,A,1430.00,1430.00,1410.10,1419.25,60850,862.00,5081
543066,SBICARD,A,906.05,913.10,890.00,900.00,94932,856.00,6869
542651,KPITTECH,A,1181.45,1213.75,1181.45,1207.35,71264,852.00,2707
540750,IEX,A,147.80,149.45,145.90,147.15,577970,852.00,7640
540173,PNBHOUSING,A,913.95,933.20,910.35,926.20,91489,845.00,4158
500520,M&M,A,3634.65,3634.65,3594.00,3615.20,22344,807.00,4036
543664,KAYNES,A,6670.25,6748.45,6638.75,6699.95,12032,805.00,2530
500228,JSWSTEEL,A,1150.00,1156.50,1143.30,1151.00,69798,802.00,2642
530965,IOC,A,151.40,155.35,151.30,154.85,513969,790.00,5219
500114,TITAN,A,3702.60,3753.00,3702.60,3740.50,20999,784.00,3733
532234,NATIONALUM,A,237.05,238.85,236.50,237.90,328677,780.00,3478
539437,IDFCFIRSTB,A,78.22,78.90,77.67,78.05,984874,770.00,6653
500008,ARE&M,A,995.85,1004.00,994.75,1000.00,76425,764.00,2707
500086,EXIDEIND,A,389.00,390.25,380.10,381.90,196826,756.00,6191
543390,POLICYBZR,A,1676.50,1756.20,1676.50,1749.95,43555,749.00,3824
543300,SONACOMS,A,481.00,486.90,476.10,486.70,154610,746.00,4755
540902,AMBER,A,8389.10,8520.10,8314.40,8461.00,8837,744.00,1680
500878,CEATLTD,A,4145.50,4216.25,4022.00,4043.40,17840,735.00,2880
505537,ZEEL,A,104.65,105.40,103.35,103.40,703016,731.00,4766
532898,POWERGRID,A,288.60,292.70,288.35,291.00,246734,717.00,5442
532181,GMDCLTD,A,588.50,588.50,576.15,580.70,122839,713.00,2865
532966,TITAGARH,A,875.10,899.90,872.00,896.65,79581,705.00,3429
531531,HATSUN,A,919.45,1081.35,904.55,1081.35,65350,695.00,1673
500294,NCC,A,216.45,216.45,212.30,213.65,325426,695.00,3711
500483,TATACOMM,A,1894.05,1952.00,1890.35,1938.50,34735,669.00,3443
532892,MOTILALOFS,A,1036.40,1064.50,1035.50,1056.15,61915,651.00,2895
543278,KALYANKJIL,A,495.15,506.95,495.00,506.15,129298,649.00,2349
500425,AMBUJACEM,A,556.10,560.00,552.20,559.45,114569,636.00,5609
540073,BLS,A,318.90,319.40,313.00,314.50,199591,628.00,2805
500093,CGPOWER,A,726.10,729.65,724.40,729.20,85298,621.00,3457
500116,IDBI,A,94.25,95.80,94.00,95.49,649860,618.00,3422
542830,IRCTC,A,713.45,724.65,713.45,724.35,85656,616.00,3752
500790,NESTLEIND,A,1281.65,1291.50,1276.05,1283.20,47750,612.00,3332
543415,ANANDRATHI,A,3126.30,3233.00,3125.00,3224.75,18384,589.00,2339
532868,DLF,A,771.10,785.75,771.10,780.50,73540,575.00,3345
517334,MOTHERSON,A,106.50,107.35,106.05,106.80,535343,571.00,3954
543235,ANGELONE,A,2491.15,2577.00,2491.15,2575.20,21456,546.00,2383
533150,GODREJPROP,A,2304.05,2351.60,2304.05,2326.30,23430,546.00,2271
500312,ONGC,A,255.05,256.10,252.00,253.20,214435,544.00,3684
540376,DMART,A,4197.60,4263.35,4197.60,4251.70,12645,536.00,2238
539006,PTCIL,A,17250.05,17900.00,17195.00,17469.80,3055,534.00,1168
526299,MPHASIS,A,2840.05,2896.80,2840.00,2889.30,18376,528.00,2114
500251,TRENT,A,4790.00,4832.50,4785.50,4808.00,10814,520.00,1389
532210,CUB,A,221.90,234.95,221.90,232.50,224014,517.00,4612
532461,PNB,A,117.50,119.05,117.00,118.90,407494,481.00,3536
542760,SWSOLAR,A,227.45,232.95,225.70,231.45,208926,479.00,3147
503310,SWANCORP,A,432.75,455.25,430.95,450.85,107194,476.00,2730
543428,DATAPATTNS,A,2800.20,2800.20,2744.60,2783.00,17070,472.00,2150
539448,INDIGO,A,5772.90,5872.60,5772.90,5856.15,8081,471.00,1336
532281,HCLTECH,A,1525.05,1549.50,1525.05,1535.00,30446,469.00,4016
539254,ADANIENSOL,A,941.00,951.85,941.00,943.95,49155,465.00,2725
541143,BDL,A,1555.80,1559.05,1529.80,1539.30,29988,463.00,2243
532539,UNOMINDA,A,1175.10,1201.95,1175.10,1201.95,38778,462.00,2692
532500,MARUTI,A,16322.05,16385.00,16282.00,16377.00,2816,460.00,972
500850,INDHOTEL,A,737.00,747.85,734.85,746.10,61100,452.00,2815
500188,HINDZINC,A,487.40,489.55,481.85,484.40,93030,451.00,2123
532810,PFC,A,395.30,397.35,394.10,396.50,114166,451.00,3116
500378,JINDALSAW,A,181.50,181.50,175.00,178.30,251823,446.00,3073
526371,NMDC,A,74.21,75.20,73.90,74.44,599762,446.00,4208
532525,MAHABANK,A,58.94,58.94,57.85,58.36,763434,445.00,4633
544162,BHARTIHEXA,A,1786.40,1880.00,1786.40,1872.90,24037,445.00,2520
507685,WIPRO,A,242.75,245.75,242.75,243.80,180304,440.00,3340
532978,BAJAJFINSV,A,2155.10,2177.60,2150.00,2170.50,20042,433.00,3657
544026,IREDA,A,153.40,155.70,153.40,153.60,280714,433.00,2536
532636,IIFL,A,490.90,506.15,490.90,503.15,86241,432.00,2562
531595,CGCL,A,208.45,208.45,203.05,203.60,210617,431.00,2222
540595,TEJASNET,A,542.05,549.75,542.05,543.90,78483,427.00,2406
512599,ADANIENT,A,2503.85,2515.80,2489.00,2493.75,17023,425.00,1405
500825,BRITANNIA,A,6050.00,6053.00,5810.00,5901.80,6978,413.00,1465
543635,PPLPHARMA,A,201.55,204.70,201.55,203.70,200957,409.00,1404
533098,NHPC,A,85.13,85.47,84.78,85.04,472304,401.00,7893
540678,COCHINSHIP,A,1825.65,1825.75,1808.55,1813.00,21851,396.00,1753
539083,INOXWIND,A,154.25,155.75,152.50,153.40,255337,393.00,3379
533273,OBEROIRLTY,A,1694.75,1746.10,1694.75,1734.80,22480,390.00,2414
531213,MANAPPURAM,A,278.20,281.20,275.00,275.35,138839,385.00,2874
532843,FORTIS,A,1038.70,1055.00,1036.65,1048.05,36765,384.00,1705
532466,OFSS,A,8660.85,8710.00,8580.00,8663.25,4408,381.00,1327
533179,PERSISTENT,A,5889.95,5900.95,5849.00,5875.05,6456,379.00,869
532259,APARINDS,A,8770.00,9050.00,8724.80,8989.50,4191,373.00,1386
544390,ENRIN,B,3169.35,3169.35,3095.00,3129.05,11679,364.00,1744
540777,HDFCLIFE,A,732.65,743.55,732.05,737.15,49362,364.00,2718
509930,SUPREMEIND,A,4000.00,4060.00,3888.00,3945.90,9135,363.00,1157
503806,SRF,A,3128.20,3128.20,3005.00,3041.25,11892,362.00,4794
533519,LTF,A,267.55,269.50,264.50,267.60,135758,361.00,3234
532504,NAVINFLUOR,A,5119.35,5227.15,5041.65,5043.65,7022,360.00,1547
500335,BIRLACORPN,A,1180.25,1192.70,1162.85,1177.90,29885,353.00,3700
500183,HFCL,A,78.29,78.29,76.70,77.21,454653,352.00,2635
532885,CENTRALBK,A,39.07,39.85,38.88,39.53,877299,347.00,2211
532477,UNIONBANK,A,143.50,144.30,141.70,143.50,238667,342.00,1827
539876,CROMPTON,A,296.10,296.20,291.40,292.45,116348,341.00,2568
500300,GRASIM,A,2845.05,2924.00,2845.05,2917.40,11713,339.00,2773
500113,SAIL,A,130.25,130.90,129.05,129.95,254787,331.00,2452
532689,PVRINOX,A,1166.05,1183.65,1162.40,1174.30,26843,315.00,1764
500620,GESHIP,A,1024.10,1056.00,1021.50,1041.00,30125,313.00,1574
523405,JMFINANCIL,A,172.00,174.50,169.20,169.75,182200,312.00,1666
517569,KEI,A,4118.35,4168.95,4070.35,4089.50,7529,309.00,1622
500048,BEML,A,4450.00,4464.20,4412.05,4420.00,6913,307.00,1509
543220,MAXHEALTH,A,1180.00,1186.30,1175.70,1184.50,26054,307.00,1854
532605,JBMA,A,645.45,669.15,645.45,657.85,45695,301.00,1862
541729,HDFCAMC,A,5560.00,5604.00,5557.00,5565.00,5394,301.00,1334
542066,ATGL,A,624.95,624.95,618.45,619.25,48634,301.00,2045
543257,IRFC,A,123.70,124.65,123.30,123.55,242565,300.00,2895
543526,LICI,A,887.00,900.55,885.95,897.30,32985,294.00,2730
500493,BHARATFORG,A,1286.65,1306.95,1283.00,1300.45,22467,291.00,1399
532784,SOBHA,A,1549.35,1597.20,1536.05,1568.45,18301,288.00,1696
503100,PHOENIXLTD,A,1673.75,1713.90,1673.75,1707.80,16840,286.00,3275
532343,TVSMOTOR,A,3610.20,3639.25,3607.80,3634.75,7885,285.00,1763
540611,AUBANK,A,856.95,869.30,855.45,863.00,33150,285.00,1970
532371,TTML,A,54.74,56.90,54.25,55.32,509127,282.00,2698
500877,APOLLOTYRE,A,498.15,511.00,498.15,506.00,55450,280.00,1598
500087,CIPLA,A,1585.00,1592.70,1575.90,1580.00,17715,280.00,1623
500106,IFCI,A,55.36,57.30,55.36,55.95,495379,278.00,2449
533106,OIL,A,420.45,424.70,419.40,423.30,65596,277.00,2689
532929,BRIGADE,A,1003.65,1038.85,999.65,1036.90,26919,276.00,2427
532300,WOCKPHARMA,A,1348.35,1348.35,1293.40,1295.90,21119,276.00,1839
542920,SUMICHEM,A,515.30,538.90,506.10,515.00,52982,275.00,2908
514162,WELSPUNLIV,A,128.25,132.35,126.70,130.00,210111,273.00,1459
532790,TANLA,A,618.70,620.35,608.90,611.90,43795,268.00,1857
500550,SIEMENS,A,3138.15,3175.70,3138.15,3169.60,8431,266.00,1488
543458,AWL,A,262.75,265.90,260.80,265.20,100746,265.00,3443
540691,ABCAPITAL,A,305.90,311.95,305.80,311.35,84338,261.00,1628
532725,SOLARINDS,A,14040.65,14152.70,13956.05,14009.70,1837,258.00,735
533272,JWL,A,321.30,324.15,320.10,323.55,79659,256.00,2203
532805,REDINGTON,A,264.70,265.85,261.10,261.95,96643,254.00,1862
500253,LICHSGFIN,A,580.20,586.15,579.00,583.25,43083,251.00,1534
532296,GLENMARK,A,1818.50,1844.90,1800.00,1811.90,13723,249.00,1823
543384,NYKAA,A,252.95,255.90,251.30,255.05,98424,249.00,2842
544012,CELLO,A,630.05,651.40,628.65,646.20,37978,245.00,1945
532777,NAUKRI,A,1381.20,1390.00,1361.00,1367.75,17601,241.00,1828
500040,ABREL,A,1686.65,1759.00,1686.65,1753.55,13999,241.00,1598
532814,INDIANB,A,811.75,835.10,811.75,824.70,28977,240.00,1437
532505,UCOBANK,A,31.80,32.23,31.61,32.07,746668,239.00,2629
544252,BAJAJHFL,A,110.05,111.10,109.65,109.85,217784,239.00,2112
523642,PIIND,A,3591.05,3651.00,3570.00,3618.00,6511,236.00,986
539524,LALPATHLAB,A,3110.95,3194.00,3070.00,3147.00,7563,236.00,1307
500002,ABB,A,5200.00,5238.00,5172.70,5230.75,4464,232.00,1017
523704,MASTEK,A,2122.00,2208.85,2101.30,2198.30,10640,230.00,1756
542726,INDIAMART,A,2351.40,2463.00,2351.40,2450.45,9393,228.00,1805
522205,PRAJIND,A,340.85,344.20,336.60,337.95,67356,228.00,2805
532175,CYIENT,A,1187.40,1214.25,1187.40,1209.00,18544,223.00,1994
543529,DELHIVERY,A,470.00,473.95,467.95,472.70,47247,222.00,2009
500144,FINCABLES,A,790.00,799.40,785.95,791.45,27791,220.00,1672
500368,PATANJALI,A,583.00,591.00,581.50,588.70,37602,220.00,1206
506401,DEEPAKNTR,A,1750.15,1764.75,1740.00,1750.35,12563,219.00,1955
543994,JSWINFRA,A,296.75,298.00,294.05,295.50,74273,219.00,1865
544307,VMM,B,148.20,149.80,147.90,148.30,147565,219.00,1694
541153,BANDHANBNK,A,170.80,173.55,170.10,171.95,126249,217.00,1713
533274,PRESTIGE,A,1755.00,1798.00,1754.95,1786.95,12054,215.00,1847
544028,TATATECH,A,689.65,698.95,689.65,694.75,31086,215.00,1390
543287,LODHA,A,1176.65,1189.50,1176.65,1182.40,18023,213.00,1695
532644,JKCEMENT,A,6250.10,6397.45,6218.00,6393.50,3339,210.00,933
543988,NUVAMA,A,7176.00,7432.70,7168.15,7416.05,2843,208.00,1035
532321,ZYDUSLIFE,A,1006.05,1014.85,1003.50,1013.40,20600,208.00,1864
500290,MRF,A,161619.95,161620.00,159700.00,159700.00,129,207.00,105
540005,LTIM,A,5589.40,5649.20,5581.70,5615.50,3637,204.00,874
532468,KAMAHOLD,A,3074.30,3110.00,3013.05,3043.95,6602,202.00,591
500770,TATACHEM,A,904.80,904.80,892.00,892.00,22504,201.00,1884
534309,NBCC,A,111.20,112.45,111.05,111.55,178183,199.00,1341
505200,EICHERMOT,A,6850.65,6925.00,6838.10,6910.50,2863,196.00,893
543768,NSLNISP,A,44.74,45.67,44.70,45.50,434040,196.00,1818
531344,CONCOR,A,537.65,543.90,537.00,541.55,36103,195.00,1888
543187,POWERINDIA,A,16914.90,16914.90,16650.00,16770.00,1156,194.00,314
532755,TECHM,A,1455.65,1475.15,1455.65,1465.30,13239,194.00,2092
539177,AIIL,A,3020.65,3103.30,3012.05,3089.05,6317,192.00,946
517146,USHAMART,A,445.00,456.25,436.20,452.15,43276,192.00,2324
532178,ENGINERSIN,A,201.95,202.20,199.45,201.00,93819,188.00,1589
532286,JINDALSTEL,A,1014.15,1033.90,1012.80,1033.90,18301,186.00,1266
532830,ASTRAL,A,1425.65,1437.00,1411.80,1415.95,12953,184.00,2103
538835,INTELLECT,A,969.95,1045.00,969.95,1040.75,17665,181.00,1593
542141,TECHNOE,A,1312.30,1325.00,1294.30,1320.20,13769,180.00,1375
500003,AEGISLOG,A,784.25,813.50,784.25,804.50,22506,180.00,1237
532424,GODREJCP,A,1123.65,1134.95,1122.05,1128.05,15837,178.00,1319
532482,GRANULES,A,560.65,572.65,558.05,565.15,30036,169.00,1132
539268,SYNGENE,A,658.85,666.60,658.85,663.00,25366,168.00,1395
540762,TIINDIA,A,3162.40,3163.95,3121.60,3130.00,5341,167.00,1240
543990,SIGNATURE,A,1090.05,1106.30,1090.05,1105.15,15233,167.00,668
524816,NATCOPHARM,A,828.10,834.30,820.40,824.65,20253,167.00,1597
533398,MUTHOOTFIN,A,3163.00,3186.90,3133.75,3135.55,5285,166.00,1113
532488,DIVISLAB,A,6644.35,6644.35,6470.10,6470.50,2533,164.00,958
532209,J&KBANK,A,106.00,107.50,105.65,106.85,154476,164.00,980
523610,ITI,A,335.65,340.05,329.70,331.70,47955,160.00,1287
532439,OLECTRA,A,1415.65,1439.70,1415.65,1422.65,11150,159.00,804
533581,PGEL,A,574.05,576.10,567.60,569.70,27730,158.00,1603
500257,LUPIN,A,1926.45,1940.70,1920.00,1922.70,8203,158.00,1129
524804,AUROPHARMA,A,1103.75,1103.75,1085.15,1090.00,14435,157.00,1454
533293,KIRLOSENG,A,900.55,934.95,891.80,933.75,16921,155.00,1402
506590,PCBL,A,366.95,367.65,363.00,365.40,42501,155.00,1114
541956,IRCON,A,171.35,172.40,170.00,170.35,90577,154.00,1236
500184,HSCL,A,471.25,474.90,468.15,471.40,32268,151.00,684
500092,CRISIL,A,4988.60,5060.00,4986.00,5033.90,3006,151.00,835
532514,IGL,A,210.90,214.65,210.65,213.80,70418,150.00,1699
544311,IGIL,B,342.00,342.00,332.40,340.15,44154,148.00,1592
521064,TRIDENT,A,28.65,28.70,28.52,28.63,510409,146.00,2559
532508,JSL,A,794.65,809.15,790.50,807.10,18070,145.00,1191
539551,NH,A,1733.55,1745.25,1727.90,1741.10,8318,144.00,693
532756,CIEINDIA,A,427.10,444.85,427.10,434.50,31964,140.00,1543
540716,ICICIGI,A,1986.70,2014.20,1985.00,1986.05,7011,140.00,1680
523367,DCMSHRIRAM,A,1224.80,1286.95,1214.60,1274.65,11133,140.00,1037
543374,ABSLAMC,A,830.00,838.05,810.00,820.45,16867,138.00,1421
539957,MGL,A,1307.65,1314.90,1280.00,1282.75,10623,136.00,849
534139,SCHNEIDER,A,841.15,872.90,841.15,859.50,15718,135.00,1214
522074,ELGIEQUIP,A,492.95,494.90,486.00,488.95,27285,133.00,1451
531768,POLYMED,A,1923.95,1925.60,1885.00,1901.15,7053,133.00,968
532432,UNITDSPR,A,1363.25,1363.35,1346.00,1347.60,9861,133.00,901
544289,NTPCGREEN,B,101.77,101.77,100.35,101.06,132507,133.00,1475
504973,CHOLAHLDNG,A,2010.00,2010.00,1957.35,1961.05,6487,128.00,843
502355,BALKRISIND,A,2331.00,2335.15,2306.20,2320.00,5541,128.00,972
502986,VTL,A,443.05,443.75,433.75,441.80,28470,125.00,802
532221,SONATSOFTW,A,370.05,375.95,370.05,373.30,33440,125.00,783
513683,NLCINDIA,A,261.70,264.85,261.70,262.00,47222,124.00,906
513377,MMTC,A,66.98,67.67,66.84,67.01,184378,123.00,1391
500411,THERMAX,A,3298.35,3311.50,3255.00,3298.00,3741,122.00,853
540975,ASTERDM,A,706.60,707.95,696.50,701.55,17145,120.00,1072
500085,CHAMBLFERT,A,488.90,495.00,486.30,487.65,24413,119.00,943
535755,ABFRL,A,82.01,82.86,81.40,81.80,145296,119.00,1737
543663,FIVESTAR,A,540.95,540.95,525.35,528.05,22404,119.00,1195
542812,FLUOROCHEM,A,3702.05,3702.05,3560.90,3613.70,3317,119.00,676
532523,BIOCON,A,359.20,363.95,358.75,359.70,32905,118.00,998
533758,APLAPOLLO,A,1754.10,1780.50,1753.30,1762.00,6521,115.00,1137
543498,MSUMI,A,46.57,47.24,46.28,46.32,245908,114.00,1970
500067,BLUESTARCO,A,2018.00,2029.70,1974.50,1981.50,5672,113.00,1419
500331,PIDILITIND,A,1506.00,1522.35,1495.00,1508.70,7447,112.00,1298
543524,RAINBOW,A,1369.00,1369.05,1345.00,1360.75,8132,110.00,1219
532754,GMRAIRPORT,A,94.75,94.75,91.88,92.32,118048,109.00,1358
504067,ZENSARTECH,A,805.90,812.55,800.65,802.65,13407,108.00,855
511196,CANFINHOME,A,850.10,858.00,843.05,854.95,12662,107.00,1126
517354,HAVELLS,A,1491.70,1493.65,1483.15,1491.50,7135,106.00,1272
540133,ICICIPRULI,A,598.55,604.65,598.10,601.45,17642,106.00,2278
532522,PETRONET,A,282.55,282.55,279.05,280.10,37552,105.00,1335
508869,APOLLOHOSP,A,7838.00,7900.30,7838.00,7851.85,1345,105.00,433
500490,BAJAJHLDNG,A,13185.95,13185.95,12940.00,12967.35,803,104.00,298
532714,KEC,A,850.15,850.20,838.30,841.15,12446,104.00,1172
543227,HAPPSTMNDS,A,524.45,525.00,515.70,516.00,19485,101.00,1032
504614,SARDAEN,A,539.55,549.30,537.50,540.75,18516,100.00,763
543412,STARHEALTH,A,482.00,490.70,482.00,484.95,20384,99.35,808
500870,CASTROLIND,A,201.45,201.45,198.55,198.65,49681,98.98,1236
501425,BBTC,A,2075.00,2076.00,2026.75,2039.45,4831,98.61,671
543238,UTIAMC,A,1332.15,1343.95,1317.00,1317.70,7363,97.95,664
540769,NIACL,A,187.00,192.00,187.00,190.55,51357,97.91,882
543064,COHANCE,A,871.65,872.20,848.55,850.00,11334,97.59,1596
543318,CLEAN,A,1053.30,1065.35,1043.80,1044.40,9257,97.30,779
543335,APTUS,A,321.90,321.90,311.45,313.80,30603,96.70,1184
544280,AFCONS,B,442.30,447.20,437.40,439.25,21770,96.36,834
541988,AAVAS,A,1696.25,1703.35,1649.50,1651.30,5751,96.04,592
512455,LLOYDSME,A,1330.05,1333.85,1315.20,1316.80,6976,92.33,503
500410,ACC,A,1857.05,1857.70,1839.00,1855.60,4688,86.60,485
531642,MARICO,A,731.35,731.35,716.85,719.20,11980,86.47,1277
532388,IOB,A,39.87,40.10,39.50,39.87,216452,86.23,1241
543398,LATENTVIEW,A,429.95,431.00,412.15,426.00,20527,86.09,986
500405,SPLPETRO,A,810.00,810.00,761.45,790.10,10939,85.79,923
500488,ABBOTINDIA,A,29801.05,29889.85,29660.50,29789.15,288,85.78,191
524742,CAPLIPOINT,A,2007.00,2012.60,1986.40,2007.10,4122,82.55,655
532527,RKFORGE,A,543.85,547.75,532.85,533.70,15291,82.23,1093
539523,ALKEM,A,5513.80,5579.70,5483.00,5484.50,1466,80.98,543
509631,HEG,A,517.00,525.95,515.40,523.40,15393,80.18,591
535648,JUSTDIAL,A,774.15,794.10,774.15,791.80,10149,79.86,526
540900,NEWGEN,A,894.90,898.50,885.80,893.20,8885,79.31,623
533206,SJVN,A,89.05,89.24,88.13,88.16,88556,78.51,1243
540115,LTTS,A,4199.85,4220.00,4150.00,4207.10,1863,77.85,388
544081,JYOTICNC,A,899.80,910.55,891.30,898.85,8610,77.48,739
500027,ATUL,A,5890.00,5936.50,5845.00,5890.00,1314,77.19,459
533655,TRITURBINE,A,522.65,523.20,518.00,518.90,14795,77.04,864
540153,ENDURANCE,A,2917.30,2943.00,2905.30,2914.50,2621,76.73,695
500530,BOSCHLTD,A,38301.50,38956.50,38301.50,38900.90,198,76.63,129
543245,GLAND,A,1926.45,1965.00,1894.00,1915.60,3983,76.53,772
541556,RITES,A,247.95,247.95,245.00,245.85,30475,74.95,1233
543426,METROBRAND,A,1156.95,1209.40,1137.15,1176.60,6212,73.30,660
544306,SAILIFE,B,896.35,896.70,876.50,878.80,8296,73.28,658
522287,KPIL,A,1250.15,1256.20,1215.30,1231.80,5731,70.61,675
532889,KPRMILL,A,1038.55,1058.90,1031.00,1055.80,6643,69.40,718
542772,360ONE,A,1184.00,1189.80,1169.65,1182.50,5712,67.46,776
524230,RCF,A,148.45,149.35,147.70,147.70,45147,66.92,765
532683,AIAENG,A,3364.85,3380.40,3326.00,3372.40,1973,66.26,592
532827,PAGEIND,A,41000.65,41236.30,40900.00,41158.35,160,65.74,122
543654,MEDANTA,A,1379.95,1379.95,1337.60,1347.60,4852,65.21,636
541233,LEMONTREE,A,165.70,166.70,165.00,166.30,39091,64.75,671
500690,GSFC,A,191.75,193.25,191.40,191.95,33521,64.51,660
540203,SFL,A,675.85,687.00,672.80,684.05,9438,64.28,689
509488,GRAPHITE,A,565.00,567.55,557.10,562.40,11236,63.15,544
523457,LINDEINDIA,A,6097.80,6129.45,6048.00,6076.80,1036,62.98,278
512070,UPL,A,672.25,681.30,672.25,680.40,9234,62.66,661
543397,SAPPHIRE,A,282.00,296.10,282.00,284.00,21567,62.15,602
533155,JUBLFOOD,A,594.95,595.60,587.65,595.60,10467,61.96,833
543904,MANKIND,A,2433.00,2440.25,2416.05,2419.00,2525,61.30,626
540743,GODREJAGRO,A,667.60,668.95,660.00,667.10,9097,60.45,734
532779,TORNTPOWER,A,1339.70,1339.70,1320.90,1323.60,4504,59.83,968
507815,GILLETTE,A,9269.00,9269.00,9122.75,9142.75,639,58.62,333
524494,IPCALAB,A,1301.70,1301.70,1274.30,1298.90,4513,58.02,366
524208,AARTIIND,A,383.95,383.95,378.55,380.20,15020,57.24,588
543259,HOMEFIRST,A,1217.95,1223.55,1211.30,1214.20,4660,56.74,681
500645,DEEPAKFERT,A,1440.00,1464.70,1436.05,1462.25,3856,55.92,569
540755,GICRE,A,386.00,386.00,381.00,385.70,14543,55.84,438
500495,ESCORTS,A,3679.40,3693.75,3645.45,3656.80,1483,54.49,294
500241,KIRLOSBROS,A,1923.00,1956.05,1894.15,1902.70,2830,54.30,391
500165,KANSAINER,A,254.90,255.00,252.15,252.80,21378,54.06,505
500387,SHREECEM,A,28596.35,28925.00,28536.30,28623.90,187,53.79,123
540680,KIOCL,A,445.35,456.35,440.05,440.65,11926,53.37,575
543960,CONCORDBIO,A,1475.00,1477.65,1452.90,1454.00,3615,52.76,581
531162,EMAMILTD,A,547.00,547.10,542.75,546.90,9599,52.30,449
542752,AFFLE,A,1896.75,1924.60,1884.90,1915.60,2751,52.28,465
532798,NETWORK18,A,48.50,48.54,47.35,47.62,108403,51.88,818
543330,DEVYANI,A,163.25,164.90,162.75,163.05,31482,51.53,564
520056,TVSHLTD,A,15450.00,15838.85,15189.00,15203.85,332,51.38,236
515030,ASAHIINDIA,A,943.40,953.55,935.00,949.65,5317,50.27,523
524558,NEULANDLAB,A,16001.00,16001.00,15754.40,15830.00,313,49.59,147
500125,EIDPARRY,A,1040.00,1077.45,1035.00,1060.85,4649,49.27,501
531335,ZYDUSWELL,A,484.85,491.00,481.30,489.25,10129,49.23,794
500670,GNFC,A,497.40,499.90,495.50,499.00,9803,48.80,189
500260,RAMCOCEM,A,1051.00,1055.50,1036.85,1051.60,4654,48.60,1056
539336,GUJGASLTD,A,413.85,417.00,411.75,412.00,11575,47.86,830
532926,JYOTHYLAB,A,320.75,320.75,316.25,317.55,15018,47.86,1097
500840,EIHOTEL,A,381.00,386.20,381.00,385.70,12190,46.85,416
533573,APLLTD,A,926.05,926.05,911.60,913.00,5016,46.13,645
542399,CHALET,A,949.60,949.60,933.95,945.00,4853,45.65,511
542650,METROPOLIS,A,1900.45,1962.00,1900.40,1948.10,2345,45.40,519
544226,FIRSTCRY,A,364.45,364.45,352.60,353.05,12682,45.15,796
521070,ALOKINDS,A,17.55,17.60,17.41,17.42,258147,45.10,1222
530517,RELAXO,A,440.05,444.55,434.00,435.70,10059,44.33,408
544176,AADHARHFC,A,523.15,523.15,511.60,513.80,8473,43.87,391
500420,TORNTPHARM,A,3584.00,3605.05,3574.05,3597.50,1201,43.14,435
540596,ERIS,A,1572.20,1624.45,1572.20,1622.55,2703,43.13,211
500265,MAHSEAMLES,A,575.00,579.25,570.95,576.85,7464,43.04,498
532720,M&MFIN,A,298.95,298.95,296.40,298.30,13943,41.46,327
500459,PGHH,A,13549.90,13642.30,13340.00,13340.00,306,41.22,205
519600,CCL,A,836.25,853.00,836.25,851.20,4865,41.19,414
532762,ACE,A,1105.15,1119.30,1105.15,1114.75,3646,40.63,405
543534,AETHER,A,770.95,770.95,756.65,762.30,5309,40.43,472
517174,HONAUT,A,34780.00,37240.00,34780.00,37033.55,109,40.35,89
543271,JUBLINGREA,A,678.05,682.05,670.80,677.30,5963,40.31,490
544321,VENTIVE,B,747.40,752.10,730.25,741.95,5337,39.36,151
500940,FINPIPE,A,189.10,190.45,188.10,190.00,20276,38.37,539
538962,MINDACORP,A,564.00,568.50,561.00,564.55,6777,38.27,282
500233,KAJARIACER,A,1209.00,1219.55,1199.20,1215.90,3097,37.48,562
500660,GLAXO,A,2750.30,2760.00,2686.25,2690.55,1373,37.24,414
506767,ALKYLAMINE,A,1861.30,1900.00,1861.30,1890.05,1972,37.15,434
532733,SUNTV,A,536.05,560.20,536.05,556.20,6474,35.95,585
533295,PSB,B,30.80,31.15,30.68,30.82,115129,35.58,648
544210,EMCURE,A,1329.60,1373.90,1329.60,1349.30,2609,35.53,771
509480,BERGEPAINT,A,541.05,544.60,538.45,541.30,6517,35.29,339
543425,MAPMYINDIA,A,1828.00,1838.05,1802.30,1810.45,1876,34.02,238
543463,MANYAVAR,A,690.80,694.40,679.00,679.55,4908,33.62,471
532443,CERA,A,6043.65,6054.40,5987.55,5994.50,548,32.92,256
544014,HONASA,A,273.65,275.25,271.35,271.75,12001,32.76,1010
526612,BLUEDART,A,5575.00,5589.95,5522.50,5551.05,589,32.71,158
505790,SCHAEFFLER,A,3982.95,3982.95,3894.15,3921.10,814,31.87,530
500380,JKLAKSHMI,A,832.40,851.45,830.00,850.65,3769,31.64,445
500252,LMW,A,15375.90,16001.45,15345.10,15921.65,200,31.57,112
532478,UBL,A,1837.25,1837.25,1813.20,1824.80,1698,30.98,344
543653,BIKAJI,A,732.65,732.65,726.05,730.70,4117,30.00,343
500403,SUNDRMFAST,A,985.00,985.00,965.80,968.15,2931,28.50,354
500674,SANOFI,A,4725.05,4725.05,4681.00,4696.30,598,28.08,276
523395,3MINDIA,A,29904.95,30175.65,29803.65,30000.00,92,27.60,73
532953,VGUARD,A,372.10,376.65,372.10,375.25,7222,27.08,336
532331,AJANTPHARM,A,2446.10,2446.10,2392.55,2399.05,1100,26.49,205
530019,JUBLPHARMA,A,1128.85,1128.85,1114.15,1124.45,2313,25.94,258
540935,GALAXYSURF,A,2239.20,2297.10,2157.00,2172.50,1171,25.82,204
543427,MEDPLUS,A,764.75,764.75,751.70,759.75,3348,25.30,673
500042,BASF,A,4450.65,4472.00,4408.70,4413.15,571,25.29,222
500126,PGHL,A,6090.00,6175.70,6061.00,6124.10,413,25.24,212
543334,NUVOCO,A,415.00,426.50,414.45,425.60,5915,25.07,626
506076,GRINDWELL,A,1618.05,1620.70,1581.50,1590.00,1567,25.05,190
543276,CRAFTSMAN,A,6508.10,6545.10,6450.80,6479.50,378,24.55,170
500038,BALRAMCHIN,A,464.20,467.20,461.75,462.45,5159,23.94,247
532702,GSPL,A,311.45,314.60,310.90,311.30,7416,23.13,332
500266,MAHSCOOTER,A,16498.00,16606.10,16401.05,16467.95,137,22.62,88
500043,BATAINDIA,A,1167.10,1174.10,1157.75,1165.80,1902,22.14,297
533023,ZFCVINDIA,A,12707.05,12981.00,12707.05,12872.40,166,21.40,122
544309,IKS,B,1527.00,1537.15,1514.85,1527.15,1394,21.27,327
543299,SHYAMMETL,A,914.95,914.95,895.80,895.80,2356,21.19,171
517506,TTKPRESTIG,A,628.65,650.00,628.65,646.25,3270,21.09,441
500164,GODREJIND,A,1080.00,1093.95,1078.60,1091.10,1927,20.87,294
505533,WESTLIFE,A,586.35,590.00,584.00,587.40,3359,19.70,190
544045,DOMS,A,2496.05,2524.75,2496.05,2512.90,771,19.39,257
524200,VINATIORGA,A,1713.35,1713.35,1677.65,1686.00,1140,19.21,150
541557,FINEORG,A,4494.05,4525.00,4463.70,4500.00,426,19.14,105
532942,KNRCON,A,188.30,189.85,186.75,186.80,10086,18.97,370
506285,BAYERCROP,A,5100.00,5100.00,5020.85,5027.45,375,18.91,156
532642,JSWHL,A,16920.00,16920.00,16625.00,16649.40,113,18.86,79
506943,JBCHEPHARM,A,1703.10,1706.45,1688.35,1700.65,1056,17.92,179
532548,CENTURYPLY,A,727.15,744.85,727.15,741.90,2404,17.83,217
534076,RHIM,A,448.50,451.90,447.75,449.90,3942,17.72,152
522113,TIMKEN,A,2989.25,3026.50,2974.35,3026.50,563,16.86,181
500710,AKZOINDIA,A,3271.55,3271.55,3241.05,3251.00,517,16.83,133
500680,PFIZER,A,5321.95,5325.35,5272.00,5298.00,299,15.84,134
513375,CARBORUNIV,A,900.70,908.95,898.65,908.55,1661,15.03,292
509557,GARFIBRES,A,771.05,779.70,766.00,777.25,1916,14.85,297
500472,SKFINDIA,T,2195.00,2242.50,2175.20,2194.00,610,13.39,204
540575,STARCEMENT,A,251.00,254.90,251.00,253.10,5162,13.08,209
541578,VARROC,A,606.05,606.05,597.00,599.65,2009,12.09,202
544174,TBOTEK,A,1604.95,1622.35,1602.75,1608.65,706,11.37,136
543523,CAMPUS,A,282.30,283.00,278.75,279.35,3998,11.22,322
530005,INDIACEM,A,386.05,391.45,386.05,387.45,2867,11.14,308
544179,GODIGIT,A,341.05,353.75,341.05,352.25,3048,10.69,144
506820,ASTRAZEN,A,9120.05,9331.75,9120.05,9296.30,111,10.30,67
500210,INGERRAND,A,3950.00,3999.95,3942.70,3959.80,211,8.35,75
543317,GRINFRA,A,1179.60,1203.40,1179.60,1199.35,343,4.09,82
500133,ESABINDIA,A,4850.05,5105.40,4850.05,4935.00,81,4.06,25
